category,level,n,mean_shap,std_shap,mean_abs_shap,label,low_sample
light_conditions,6.0,2249,0.12408758406251023,0.03877707759939663,0.12408758406251023,Dark-no lighting,False
light_conditions,5.0,289,0.08307181864415951,0.042825408801948586,0.08320380075000496,Dark-unlit,False
light_conditions,4.0,8808,0.050827073563350096,0.03466754056562797,0.05096261004595652,Dark-lit,False
light_conditions,1.0,30021,-0.026682117435492373,0.013919496537592146,0.02669776031424248,Daylight,False
light_conditions,7.0,686,-0.030397938014199922,0.10024196571056672,0.08120972655369797,Dark-unknown,False
weather_conditions,1.0,33872,0.011165145137723688,0.006219443152108641,0.011495938823409902,Fine,False
weather_conditions,4.0,374,0.0035912016662994254,0.022640703021339484,0.017591838367383844,Fine+wind,False
weather_conditions,2.0,4522,-0.00011564317669472349,0.01932994872722284,0.013477934215915175,Rain,False
weather_conditions,3.0,141,-0.008093400854168781,0.02115663369698855,0.015031190952686213,Snow,True
weather_conditions,5.0,434,-0.03725971554313494,0.03777501030771356,0.041892125623700156,Rain+wind,False
weather_conditions,8.0,1272,-0.03823268350268049,0.03720631119664563,0.04224723652699238,Other,False
weather_conditions,7.0,182,-0.04966643338531821,0.04678117853059688,0.054369748627315986,Fog/mist,True
weather_conditions,9.0,1239,-0.21179179301830725,0.08619240090561726,0.2125550654282241,Unknown,False
road_surface_conditions,1.0,30295,0.005991783768365619,0.008056933754675406,0.0066316447325957435,Dry,False
road_surface_conditions,2.0,10040,-0.0019509310754272965,0.016802912260588502,0.009818040838571906,Wet,False
road_surface_conditions,3.0,93,-0.015048144655026442,0.0311900514452123,0.025576309430879997,Snow,True
road_surface_conditions,9.0,554,-0.04364440420263796,0.04664306360629884,0.05571300698150218,9,False
road_surface_conditions,4.0,617,-0.0773253816709649,0.06802558773974467,0.08540285434341259,Frost/ice,False
road_surface_conditions,5.0,69,-0.08582983515068726,0.07309994760591643,0.09320550846762933,Flood,True
road_surface_conditions,-1.0,385,-0.18309331188579264,0.0908418290344752,0.18315475590328037,-1,False
road_type,6.0,30497,0.015492658634450845,0.007236458189691682,0.015546462735548702,Single carriageway,False
road_type,7.0,714,0.00411243213590817,0.013106591986283073,0.01077647305084217,Slip road,False
road_type,3.0,6272,-0.01580730571847592,0.01844041738770431,0.018853788731278714,Dual carriageway,False
road_type,2.0,921,-0.07076639574619618,0.03466772913670114,0.07094072857641515,One way,False
road_type,1.0,2479,-0.08389082672001971,0.0369495089095695,0.0839978847724694,Roundabout,False
road_type,9.0,1170,-0.10525684831843818,0.05422924737274416,0.1066190753728788,Unknown,False
urban_or_rural_area,2.0,13550,0.06805946693160533,0.030997119294850134,0.06808662284536272,Rural,False
urban_or_rural_area,1.0,28497,-0.03064904086293778,0.014661667273112916,0.030655544211709376,Urban,False
first_road_class,2.0,120,0.01965947660062074,0.018215882444180674,0.021856623858226034,A(M),True
first_road_class,3.0,18528,0.007843988481399135,0.01275079362965883,0.01077863992259548,A road,False
first_road_class,1.0,1257,-0.0005440875735667756,0.02591381962947159,0.01931354111904465,Motorway,False
first_road_class,4.0,5307,-0.0035924292562165604,0.008802917841392385,0.006852005837208968,B road,False
first_road_class,6.0,15025,-0.0067670693336738166,0.013433426571589002,0.011432173959984152,Unclassified,False
first_road_class,5.0,1816,-0.010982675159924776,0.009515038481848094,0.011834030123899148,C road,False
junction_detail,16.0,3904,0.015159469360229839,0.010958071426887235,0.015776167213255077,16,False
junction_detail,17.0,652,0.01106293179313541,0.01301704389085767,0.013807191655530732,17,False
junction_detail,18.0,866,0.009541500296566162,0.014353063320941613,0.013612296223926844,18,False
junction_detail,13.0,11724,0.007731765535574167,0.006655485708814297,0.008298664127386023,13,False
junction_detail,0.0,21654,-0.0019851806640583643,0.005462167846851305,0.004278540422361387,Not at junction,False
junction_detail,-1.0,827,-0.023235632469677307,0.01127154814075742,0.02371675103746883,-1,False
junction_detail,19.0,2426,-0.030739505940170806,0.038042820730119255,0.03551498657615324,19,False
junction_control,-1.0,17689,0.005661664100770013,0.008317124603409776,0.0072495887145258755,-1,False
junction_control,2.0,4830,0.005208909769547447,0.011262045259539982,0.009548925042876489,Auto signal,False
junction_control,3.0,307,0.0017965794986396354,0.009567017864334745,0.007131922941497488,Stop sign,False
junction_control,4.0,18278,-0.0016844422780514174,0.009348929724969835,0.006315707949086574,Give way/uncontrolled,False
junction_control,1.0,193,-0.01555665098602925,0.012766529231828017,0.01670842983055428,Authorised person,True
junction_control,9.0,756,-0.23032569478039439,0.062073993118425735,0.23037802719983505,9,False
day_of_week,7.0,5897,0.04964304806658896,0.027282823481074095,0.05022823367011309,Sat,False
day_of_week,1.0,4782,0.04037201310228971,0.035354984600869346,0.0449671200541622,Sun,False
day_of_week,6.0,6893,0.0030731540117219344,0.018098113513822685,0.013868717511918099,Fri,False
day_of_week,5.0,6432,-0.013736381111440637,0.01328012846984347,0.016238477098917712,Thu,False
day_of_week,2.0,5660,-0.014491926968702213,0.017798336776003353,0.018521794554060302,Mon,False
day_of_week,4.0,6261,-0.024494091170668624,0.012408067525027629,0.024739693364042165,Wed,False
day_of_week,3.0,6128,-0.027884223206836985,0.014917046254015803,0.028264754534373156,Tue,False
speed_limit,50.0,1824,0.1842036504519555,0.060255938640925225,0.1842036504519555,50.0,False
speed_limit,60.0,5011,0.1832953917251306,0.06347883601304907,0.18329539172513057,60.0,False
speed_limit,70.0,2341,0.18257680458444464,0.06364992906328981,0.18259720772586532,70.0,False
speed_limit,40.0,3664,0.1067077739592891,0.052656398995403274,0.10696656331524644,40.0,False
speed_limit,30.0,22476,-0.06263882223658647,0.022779543337987925,0.06267263841746722,30.0,False
speed_limit,20.0,6737,-0.0791972756178809,0.033816199470890485,0.07937751219155319,20.0,False
police_force,14.0,852,0.17426738146110596,0.04781778205614517,0.17426738146110593,14,False
police_force,21.0,266,0.11742603373999756,0.03605108836656854,0.11746048708092531,21,False
police_force,11.0,237,0.10821916247196528,0.10062571689640425,0.1256214790798221,11,False
police_force,48.0,68,0.10658943006714021,0.038207866936575886,0.10658943006714021,48,True
police_force,99.0,1640,0.09251184149412547,0.04510892375402058,0.09282880166461337,99,False
police_force,13.0,1722,0.08597350320960527,0.03080176632444871,0.08603340242890743,13,False
police_force,61.0,221,0.08092511507637114,0.07160874922464402,0.09507139382775563,61,False
police_force,42.0,1225,0.07848646809493487,0.03183537129606343,0.07870541766201881,42,False
police_force,53.0,402,0.06940896599129039,0.057098140032671836,0.07515855979353342,53,False
police_force,47.0,1474,0.059135381707637096,0.04027319783504044,0.06068573633922751,47,False
police_force,36.0,556,0.054638461220009184,0.02181583133734474,0.0547579625455252,36,False
police_force,37.0,433,0.05135549216762005,0.019263928774617627,0.051499603487790986,37,False
police_force,31.0,807,0.04568486629048267,0.029302798635642766,0.04751002262837774,31,False
police_force,63.0,410,0.04367977288143161,0.058408158678240535,0.06053314595618241,63,False
police_force,35.0,588,0.04216816199389296,0.02446466539603471,0.04328254116786396,35,False
police_force,41.0,704,0.03955322556247104,0.021597223753472224,0.04046582438628141,41,False
police_force,60.0,295,0.039527862174369655,0.04065114150744164,0.04650531798149649,60,False
police_force,40.0,548,0.03799438607095591,0.020394299285790004,0.0389443585455457,40,False
police_force,22.0,613,0.0357134327280116,0.028486019479531933,0.03873345253100225,22,False
police_force,4.0,1088,0.029442175160028863,0.034904704534656494,0.03684565772156616,4,False
police_force,45.0,1071,0.025377723661127137,0.028494932546041,0.029636397233227477,45,False
police_force,20.0,1978,0.019255900132318,0.02391022481510136,0.023985755227065482,20,False
police_force,44.0,1369,0.01680849854968511,0.02386152245551161,0.02299247949494525,44,False
police_force,33.0,476,0.01636082300166579,0.018816653134520103,0.020243259390299174,33,False
police_force,34.0,511,0.012918467234809498,0.02263666895205493,0.02070354494519295,34,False
police_force,16.0,786,0.011480498752347678,0.030302973313781918,0.024755796398321643,16,False
police_force,43.0,1286,0.00917915306539287,0.03235903613914219,0.02694529522574813,43,False
police_force,17.0,226,0.005179090362248394,0.028752275837924925,0.023263081246248405,17,False
police_force,30.0,774,0.002717825900090685,0.030187362237927416,0.023451500464688125,30,False
police_force,23.0,354,0.0006995127424920329,0.03063227234129874,0.023257734926203824,23,False
police_force,3.0,331,-0.00040456265090615,0.04419034904634242,0.03472403568434328,3,False
police_force,6.0,1052,-0.0012969178861072708,0.04882273928604434,0.039616748353811286,6,False
police_force,46.0,1497,-0.009273197140153391,0.03408694923126375,0.028138662535522243,46,False
police_force,50.0,1141,-0.03487818477473635,0.03279883876913401,0.04022240062332633,50,False
police_force,1.0,9178,-0.038760342367416815,0.05101746570302288,0.05184711102102957,1,False
police_force,32.0,651,-0.07847332978622991,0.03432079783992641,0.07869521145047313,32,False
police_force,5.0,843,-0.1195888235030121,0.04283708378074739,0.1195888235030121,5,False
police_force,52.0,914,-0.1759263186712997,0.06010494546192591,0.17672011177396874,52,False
police_force,10.0,760,-0.177096414580058,0.03995127810629921,0.17709641458005804,10,False
police_force,7.0,653,-0.22023621032850324,0.04186175261909371,0.22023621032850327,7,False
police_force,54.0,503,-0.2533366728914936,0.0735243905425915,0.2533366728914936,54,False
police_force,62.0,379,-0.2584612624921337,0.055093936306752245,0.2584612624921337,62,False
police_force,55.0,588,-0.28648549358114933,0.06805015689685806,0.28648549358114933,55,False
police_force,12.0,583,-0.3297917876663785,0.05986399711249938,0.3297917876663785,12,False
