feature,gain,share_%
Local_Authority_(District),140007.02051520348,4.942163332789915
Longitude,137092.69605314732,4.839289438015026
k_age_max,131007.63865458965,4.624490584054642
Speed_limit,130967.93995320797,4.623089243853229
Latitude,114685.81929659843,4.048340210604438
c_did_police_officer_attend_scene_of_accident,114648.09526062012,4.047008574900094
k_casualty_type_9,111588.0029155016,3.9389891618210653
Hour,98574.08166122437,3.4796055951825617
v_engine_capacity_cc_max,87979.50684714317,3.10562349785648
v_engine_capacity_cc_min,81690.1257481575,2.883612140576196
Month,76443.77780556679,2.698419224267302
Number_of_Casualties,66145.23579990864,2.3348869064287587
v_first_point_of_impact_2,65253.95905303955,2.303425375131717
c_first_road_number,59326.82573604584,2.0942011459465606
v_engine_capacity_cc_mean,57520.64790332317,2.0304441584431334
k_age_min,56939.665534734726,2.009935831443035
Police_Force,55549.38785791397,1.9608598684556382
v_age_of_driver_max,55219.875669837,1.949228287070442
k_age_mean,54289.51974439621,1.9163872843533107
v_age_of_driver_min,53989.06058347225,1.9057812572937034
k_casualty_type_5,53593.65422916412,1.8918236516063403
v_age_of_driver_mean,47682.71048784256,1.6831709046723307
k_casualty_class_3,43892.41777563095,1.5493758592960247
Number_of_Vehicles,40786.11967396736,1.4397254108951916
v_age_of_vehicle_max,34126.999469041824,1.20466248630528
v_age_of_vehicle_min,33456.04122066498,1.1809780650472694
v_age_of_vehicle_mean,29709.98973584175,1.0487447082990902
v_vehicle_leaving_carriageway_1,28060.850051164627,0.9905310726523339
v_first_point_of_impact_1,26280.619315624237,0.9276900020208941
Day_of_Week,24604.01345872879,0.8685068270701087
v_vehicle_type_9,23889.886295318604,0.8432985691629858
v_hit_object_off_carriageway_4,23568.472121477127,0.8319528427933156
v_vehicle_leaving_carriageway_7,22182.7581615448,0.7830379762579692
v_vehicle_type_21,21387.09896850586,0.7549516869078774
v_vehicle_manoeuvre_19,20087.239659786224,0.7090674377487987
v_hit_object_off_carriageway_0,19325.640823841095,0.6821834584493838
v_vehicle_manoeuvre_4,18499.88784623146,0.6530348766649349
v_junction_location_0,18198.796198368073,0.6424065231980589
Light_Conditions,17538.19328188896,0.6190876389068057
c_first_road_class,16420.600566864014,0.5796372905109577
Road_Type,16046.08254981041,0.5664170305229915
Vehicle_Type,15308.257900238037,0.5403722656552956
v_vehicle_manoeuvre_9,14942.01897406578,0.5274442525791776
Weather_Conditions,14371.058109998703,0.5072896786409089
v_sex_of_driver_min,13402.296837329865,0.47309299034347513
Junction_Detail,13266.727901935577,0.46830748873715927
v_skidding_and_overturning_1,12954.85011267662,0.4572983909882373
k_n_casualty_rows,12874.826125144958,0.4544735925212228
v_vehicle_manoeuvre_2,12592.991913795471,0.4445250149418153
c_road_type,12073.60931301117,0.4261911225709931
k_car_passenger_0,12055.486951351166,0.4255514141408726
Urban_or_Rural_Area,11997.776250123978,0.42351426121479036
v_vehicle_type_5,11820.187733650208,0.41724549375433345
c_junction_control,11553.028342962265,0.4078149284883219
v_skidding_and_overturning_0,9562.869475603104,0.3375635214910486
Road_Surface_Conditions,9489.007499217987,0.33495623829885846
c_junction_detail,9143.291209220886,0.3227526618947288
v_first_point_of_impact_3,9037.333285093307,0.31901241111648304
v_skidding_and_overturning_2,8903.909228801727,0.31430262244810164
v_vehicle_manoeuvre_3,8797.356496095657,0.3105413752859901
c_second_road_class,8337.00641298294,0.29429129516404795
v_vehicle_type_1,8056.670586109161,0.28439560965238825
Junction_Control,7943.734202861786,0.2804090234785723
v_vehicle_leaving_carriageway_0,7856.543978214264,0.27733126116604656
v_first_point_of_impact_4,7829.389023423195,0.2763727076493862
v_journey_purpose_of_driver_1,7572.887971639633,0.267318375314608
v_first_point_of_impact_0,7488.233448028564,0.264330121718425
v_hit_object_off_carriageway_10,7269.65717124939,0.25661451105446925
c_pedestrian_crossing,7023.473012924194,0.24792435883273542
v_journey_purpose_of_driver_-1,6549.086941242218,0.23117881678473276
v_vehicle_manoeuvre_5,6546.622076034546,0.23109180853039807
k_casualty_class_2,6430.249129295349,0.2269839137392171
k_pedestrian_movement_9,6240.379941701889,0.22028164599937108
k_casualty_class_1,6110.541209220886,0.21569841709783288
k_casualty_type_1,5457.256235599518,0.19263785177322795
k_casualty_type_19,5086.905640602112,0.17956469926889088
v_hit_object_in_carriageway_10,4599.785207033157,0.16236964193120695
v_hit_object_off_carriageway_2,4424.087424278259,0.15616761623000683
v_junction_location_6,4344.539178848267,0.15335961117208052
v_skidding_and_overturning_5,4329.70242190361,0.152835882605616
c_special_conditions_at_site,4228.406386852264,0.14926019369840582
k_casualty_type_21,4162.053823471069,0.1469179882534756
v_junction_location_2,4037.013245820999,0.14250413132188025
v_vehicle_type_20,3976.161192893982,0.14035609057653606
v_vehicle_type_90,3927.953416824341,0.13865438517369266
v_vehicle_manoeuvre_7,3842.5844349861145,0.13564091163325206
v_junction_location_1,3771.73876285553,0.13314010216096842
k_casualty_type_8,3742.9831953048706,0.13212504797983185
v_vehicle_manoeuvre_11,3454.8526034355164,0.12195421196781098
c_trunk_road_flag,3432.7703940868378,0.121174723303968
v_junction_location_8,3425.9995024204254,0.12093571491423943
k_pedestrian_movement_1,3424.173529148102,0.12087125915966421
k_casualty_type_3,3300.3815155029297,0.1165014757839587
v_hit_object_off_carriageway_1,3288.4958386421204,0.11608191856353701
v_vehicle_manoeuvre_12,3264.0579130649567,0.11521927453845549
v_vehicle_type_19,3171.200281381607,0.11194145617773031
k_pedestrian_location_9,3041.472635269165,0.10736214855796393
k_casualty_type_4,2981.984883785248,0.10526226683023293
k_casualty_type_90,2928.0084929466248,0.10335693280728647
v_vehicle_type_8,2753.0980870723724,0.09718270103480717
k_car_passenger_1,2676.689743041992,0.09448553260142038
v_vehicle_type_4,2610.2177782058716,0.09213911235718769
v_vehicle_manoeuvre_1,2471.795872449875,0.08725290261881317
v_vehicle_manoeuvre_13,2439.4805884361267,0.08611219259474623
v_vehicle_leaving_carriageway_2,2405.99813914299,0.08493028234067745
k_car_passenger_2,2404.659956932068,0.08488304531619772
v_junction_location_5,2395.32452917099,0.08455351034997294
v_hit_object_in_carriageway_0,2379.948297739029,0.08401073865966847
v_journey_purpose_of_driver_2,2273.5277967453003,0.08025415919720341
k_bus_or_coach_passenger_0,2264.645895719528,0.07994063345104076
k_casualty_type_11,2262.8685710430145,0.0798778949625392
k_pedestrian_movement_3,2102.1732897758484,0.0742054485101507
v_towing_and_articulation_1,2097.000938296318,0.07402286762433248
v_hit_object_in_carriageway_4,1838.0081741809845,0.06488057934794055
v_vehicle_type_11,1791.5619072914124,0.06324105415611854
v_junction_location_3,1739.212655544281,0.06139315716115629
v_vehicle_type_3,1655.9413385391235,0.058453729923424846
v_vehicle_type_17,1629.07373046875,0.05750531957259711
v_vehicle_leaving_carriageway_3,1624.3877770900726,0.057339908246207605
v_vehicle_leaving_carriageway_4,1567.1867623329163,0.055320746944932046
v_vehicle_manoeuvre_10,1554.106158733368,0.05485900953174692
v_hit_object_off_carriageway_6,1479.1037731170654,0.05221147058190969
k_pedestrian_movement_4,1457.9932720661163,0.051466282634570336
v_vehicle_leaving_carriageway_8,1402.923558473587,0.04952235497820909
k_pedestrian_location_4,1385.5936117172241,0.04891061831598079
v_hit_object_off_carriageway_8,1365.6880748271942,0.04820796487635046
v_vehicle_manoeuvre_14,1314.9587631225586,0.04641725078728737
v_towing_and_articulation_4,1296.3856110572815,0.0457616297279036
v_journey_purpose_of_driver_7,1278.3720073699951,0.045125760388586796
k_pedestrian_location_5,1270.13010263443,0.044834826125243664
k_pedestrian_movement_2,1268.829518198967,0.04478891627954814
k_pedestrian_location_6,1261.4356718063354,0.04452791796392456
v_hit_object_off_carriageway_3,1252.3216681480408,0.04420619913490308
v_junction_location_4,1218.1019535064697,0.042998263858959246
v_vehicle_manoeuvre_8,1176.001821756363,0.041512154614755964
v_hit_object_off_carriageway_7,1146.590054988861,0.04047393699726776
k_bus_or_coach_passenger_4,1033.0994856357574,0.036467788388359595
v_hit_object_off_carriageway_9,987.2623248100281,0.03484976427300808
v_hit_object_in_carriageway_11,937.463593006134,0.033091899092855065
k_pedestrian_location_10,915.3072111606598,0.03230979218463682
v_vehicle_manoeuvre_6,810.2002975940704,0.028599581565626402
k_pedestrian_location_0,807.9996299743652,0.02852189932670908
v_vehicle_manoeuvre_15,786.9243907928467,0.0277779561020808
k_pedestrian_location_1,766.9017677307129,0.027071169591234324
c_lsoa_of_accident_location,631.988100528717,0.022308798556665236
v_vehicle_leaving_carriageway_6,606.3194754123688,0.0214027115805527
v_hit_object_in_carriageway_7,584.4294242858887,0.020630005985989755
k_casualty_type_10,579.7194143533707,0.02046374547776732
v_hit_object_in_carriageway_12,508.9690885543823,0.017966301673449446
v_vehicle_type_10,468.07500183582306,0.016522765091036083
v_towing_and_articulation_5,432.71315002441406,0.015274513062253579
k_pedestrian_location_3,420.42150115966797,0.014840625275088788
k_casualty_type_2,370.32294034957886,0.013072176311957817
k_pedestrian_location_8,348.99882984161377,0.012319448079694772
k_casualty_type_16,348.20344281196594,0.01229137139754814
k_pedestrian_movement_5,347.8568024635315,0.012279135202438823
k_casualty_type_20,340.11759996414185,0.012005946024662085
v_vehicle_leaving_carriageway_5,327.70960879325867,0.011567951424300877
v_vehicle_type_2,323.79194259643555,0.0114296601717851
k_pedestrian_movement_6,319.5479803085327,0.011279850864167279
k_pedestrian_movement_7,313.074827671051,0.011051352482480481
k_bus_or_coach_passenger_1,308.8322982788086,0.01090159375521475
v_vehicle_type_16,302.6855502128601,0.010684617257924536
v_hit_object_in_carriageway_6,273.17107248306274,0.009642774005451283
v_skidding_and_overturning_4,262.5586612224579,0.00926816229232685
k_bus_or_coach_passenger_3,237.88900184631348,0.008397338203987949
v_hit_object_in_carriageway_1,204.0482668876648,0.007202780682144721
v_towing_and_articulation_0,200.73289108276367,0.007085749916993757
k_pedestrian_location_2,186.6009817123413,0.006586902044538479
v_skidding_and_overturning_3,165.5511302947998,0.005843854992657587
v_hit_object_off_carriageway_5,142.67350006103516,0.005036288451591458
k_bus_or_coach_passenger_2,112.87778902053833,0.003984517832969112
v_hit_object_in_carriageway_9,80.72070121765137,0.0028493920396773682
k_pedestrian_movement_8,79.4679503440857,0.0028051706898502395
k_pedestrian_location_7,64.18860149383545,0.0022658188962134877
v_n_vehicle_rows,38.43330001831055,0.00135667229692944
k_casualty_type_17,36.552600383758545,0.0012902847347938328
v_towing_and_articulation_3,31.16510009765625,0.0011001092259415564
v_junction_location_7,26.17191982269287,0.0009238529755183558
v_hit_object_in_carriageway_8,23.662489414215088,0.0008352715964894365
v_vehicle_manoeuvre_-1,0.0,0.0
v_first_point_of_impact_-1,0.0,0.0
v_vehicle_leaving_carriageway_-1,0.0,0.0
v_skidding_and_overturning_-1,0.0,0.0
v_hit_object_in_carriageway_-1,0.0,0.0
v_junction_location_-1,0.0,0.0
v_towing_and_articulation_2,0.0,0.0
v_towing_and_articulation_-1,0.0,0.0
v_vehicle_type_18,0.0,0.0
v_vehicle_type_-1,0.0,0.0
v_hit_object_in_carriageway_2,0.0,0.0
v_hit_object_in_carriageway_5,0.0,0.0
v_hit_object_off_carriageway_-1,0.0,0.0
v_driver_imd_decile_min,0.0,0.0
k_casualty_type_18,0.0,0.0
k_any_child,0.0,0.0
k_any_elderly,0.0,0.0
k_casualty_type_0,0.0,0.0
k_pedestrian_movement_0,0.0,0.0
k_car_passenger_-1,0.0,0.0
k_bus_or_coach_passenger_-1,0.0,0.0
k_imd_min,0.0,0.0
